Scenario File,Current Balance,Mean #UTXO,Current #UTXO,#Deposits,#Inputs Spent,#Withdraws,#Uneconomical outputs spent,#Change Created,#Changeless,Min Change Value,Max Change Value,Mean Change Value,Std. Dev. of Change Value,Total Fees,Mean Fees per Withdraw,Cost to Empty (10 sat/vB),Total Cost,Min Input Size,Max Input Size,Mean Input Size,Std. Dev. of Input Size,Usage
bustabit-tiny-hot-wallet_peak-and-tail,15.03366052,95.9460911080,95,10076,13579,5005,4,3598,bnb: **1385** ; knapsack: **22** ; Total: **1407**,0.00000340,9.94901151,0.354093998182,1.02251787433,0.10135635,0.0000202510189810,0.000646000000,0.102002350000,1,67,2.71308691309,3.22745493991,knapsack: **1095** ; srd: **2525** ; bnb: **1385**
bustabit-tiny-hot-wallet_peak-and-tail,15.03446727,105.152708706,94,10076,13560,5005,5,3578,bnb: **1394** ; knapsack: **33** ; Total: **1427**,0.00000343,9.99092052,0.307094909097,0.842397650975,0.10054960,0.0000200898301698,0.000639200000,0.101188800000,1,75,2.70929070929,3.35800277699,knapsack: **1138** ; srd: **2473** ; bnb: **1394**
bustabit-tiny-hot-wallet_peak-and-tail,15.03562222,106.726808567,118,10076,13531,5005,5,3573,bnb: **1413** ; knapsack: **19** ; Total: **1432**,0.00000310,9.98999456,0.354470788906,0.987483929340,0.09939465,0.0000198590709291,0.000802400000,0.100197050000,1,84,2.70349650350,3.42371440193,knapsack: **1097** ; srd: **2495** ; bnb: **1413**
bustabit-tiny-hot-wallet_peak-and-tail,15.03462587,103.610967442,97,10076,13569,5005,5,3590,bnb: **1400** ; knapsack: **15** ; Total: **1415**,0.00000361,9.11847768,0.305141975897,0.863804859177,0.10039100,0.0000200581418581,0.000659600000,0.101050600000,1,86,2.71108891109,3.29899079127,knapsack: **1076** ; srd: **2529** ; bnb: **1400**
bustabit-tiny-hot-wallet_peak-and-tail,15.03506187,103.445726411,108,10076,13540,5005,4,3572,bnb: **1411** ; knapsack: **22** ; Total: **1433**,0.00000322,9.87999466,0.327700470378,0.957032662594,0.09995500,0.0000199710289710,0.000734400000,0.100689400000,1,105,2.70529470529,3.39635595176,knapsack: **1083** ; srd: **2511** ; bnb: **1411**
